continent,2002,2007
Africa,53.32523076923077,54.80603846153846
Americas,72.42204,73.60812
Asia,69.2338787878788,70.72848484848485
Europe,76.7006,77.6486
Oceania,79.74000000000001,80.7195
